City,Country,Latitude,Longitude,Date,Temperature,Max Temperature,Humidity,Wind Speed,Cloudiness
Atuona,PF,-9.8,-139.03,1586568765,82.45,82.45,75,11.34,84
Kapaa,US,22.08,-159.32,1586568766,76.73,78.8,57,14.99,20
Punta Arenas,CL,-53.15,-70.92,1586568496,37.2,37.4,93,8.05,40
Kunya,NG,12.22,8.53,1586568766,82.4,82.4,26,6.71,97
Saldanha,ZA,-33.01,17.94,1586568766,60.8,60.8,93,3.36,84
Kuching,MY,1.55,110.33,1586568766,80.31,80.6,88,1.12,20
Ushuaia,AR,-54.8,-68.3,1586568629,42.8,42.8,60,3.36,20
Mossamedes,AO,-15.2,12.15,1586568766,75.2,75.2,62,7.63,77
Jamestown,US,42.1,-79.24,1586568551,33.66,39.2,80,8.05,90
Dubbo,AU,-32.25,148.62,1586568767,69.8,69.8,52,19.46,40
Mataura,NZ,-46.19,168.86,1586568765,66.99,66.99,64,3.0,0
Norman Wells,CA,65.28,-126.83,1586568635,30.2,30.2,39,4.7,40
Mar del Plata,AR,-38.0,-57.56,1586568537,57.2,57.2,82,9.17,0
Sokoni,TZ,-6.43,39.55,1586568767,75.2,75.2,94,13.87,75
Saint Paul Harbor,US,57.79,-152.41,1586568768,39.2,39.2,69,8.05,1
Lompoc,US,34.64,-120.46,1586568636,59.88,63.0,82,14.99,20
East London,ZA,-33.02,27.91,1586568768,67.42,67.42,81,7.27,1
Yangi Marg`ilon,UZ,40.43,71.72,1586568768,50.0,50.0,53,2.24,100
Korla,CN,41.76,86.15,1586568769,62.17,62.17,19,5.91,66
Mount Gambier,AU,-37.83,140.77,1586568673,59.0,59.0,51,21.92,40
Torbay,CA,47.67,-52.73,1586568769,34.84,36.0,100,8.05,90
Leningradskiy,RU,69.38,178.42,1586568770,15.46,15.46,89,7.76,92
Ajdabiya,LY,30.76,20.23,1586568771,56.3,56.3,74,7.63,0
Srandakan,ID,-7.94,110.25,1586568771,85.23,85.23,68,2.98,13
Busselton,AU,-33.65,115.33,1586568771,78.98,82.99,33,7.25,51
Bluff,NZ,-46.6,168.33,1586568771,66.99,66.99,64,3.0,1
Kochi,IN,9.94,76.26,1586568771,78.8,78.8,94,4.59,40
The Valley,AI,18.22,-63.06,1586568755,80.53,81.0,78,5.82,20
Rikitea,PF,-23.12,-134.97,1586568773,77.65,77.65,74,9.86,14
Hilo,US,19.73,-155.09,1586568773,69.1,75.2,83,9.17,90
Sinnamary,GF,5.38,-52.95,1586568773,79.36,79.36,82,11.74,95
Pevek,RU,69.7,170.31,1586568773,10.26,10.26,89,20.31,100
Thompson,CA,55.74,-97.86,1586568773,30.2,30.2,58,3.36,90
Albany,US,42.6,-73.97,1586568774,38.41,42.8,52,14.99,40
Mumford,GH,5.26,-0.76,1586568774,80.04,80.04,84,7.43,83
Chicama,PE,-7.84,-79.15,1586568774,75.74,75.74,70,6.33,98
Puerto Ayora,EC,-0.74,-90.35,1586568774,80.83,82.4,74,3.36,20
Sakaiminato,JP,35.55,133.23,1586568775,53.6,53.6,50,3.36,20
Bredasdorp,ZA,-34.53,20.04,1586568778,58.12,59.0,93,1.12,100
Vaini,TO,-21.2,-175.2,1586568778,80.6,80.6,61,8.05,20
Kyshtovka,RU,56.55,76.63,1586568778,36.79,36.79,94,7.4,96
Yulara,AU,-25.24,130.99,1586568778,80.6,80.6,21,3.36,9
Arraial do Cabo,BR,-22.97,-42.03,1586568616,71.6,71.6,88,7.36,75
Anchorage,US,61.22,-149.9,1586568557,37.94,39.99,25,6.93,1
Hermanus,ZA,-34.42,19.23,1586568779,58.46,60.01,97,1.01,99
Visby,SE,57.64,18.3,1586568779,28.38,30.99,86,3.36,0
São Filipe,CV,14.9,-24.5,1586568779,75.15,75.15,73,8.25,76
Bethel,US,41.37,-73.41,1586568780,42.64,46.0,48,12.75,90
Cape Town,ZA,-33.93,18.42,1586568667,61.83,63.0,93,8.05,40
Pemangkat,ID,1.17,108.97,1586568780,82.47,82.47,73,6.06,48
Aklavik,CA,68.22,-135.01,1586568780,23.0,23.0,45,10.29,75
Sørland,NO,67.67,12.69,1586568780,33.89,33.89,82,12.82,100
Hasaki,JP,35.73,140.83,1586568780,56.82,59.0,35,3.36,20
Venezuela,VE,8.0,-66.0,1586568781,90.01,90.01,40,14.7,100
Islamkot,PK,24.7,70.18,1586568781,84.04,84.04,31,4.97,0
Sungai Raya,ID,0.7,108.9,1586568781,87.66,87.66,63,4.07,22
Avarua,CK,-21.21,-159.78,1586568781,84.2,84.2,89,6.93,100
Saskylakh,RU,71.92,114.08,1586568781,30.72,30.72,94,20.65,86
Port Elizabeth,ZA,-33.92,25.57,1586568737,55.4,55.4,100,2.24,7
Thinadhoo,MV,0.53,72.93,1586568666,84.04,84.04,62,3.96,5
Severo-Kuril'sk,RU,50.68,156.12,1586568782,31.59,31.59,94,4.94,52
Souillac,MU,-20.52,57.52,1586568540,77.47,78.01,83,11.41,40
Nanortalik,GL,60.14,-45.24,1586568782,32.27,32.27,90,4.52,100
Portland,US,45.52,-122.68,1586568132,67.12,70.0,46,10.29,20
Meulaboh,ID,4.14,96.13,1586568619,84.97,84.97,68,2.93,80
Khatanga,RU,71.97,102.5,1586568783,26.35,26.35,95,26.62,96
Carnarvon,AU,-24.87,113.63,1586568783,80.6,80.6,74,6.93,32
Blankenberge,BE,51.31,3.13,1586568783,50.16,53.01,70,8.05,22
Grindavik,IS,63.84,-22.43,1586568783,39.97,42.8,93,10.29,90
Sudak,UA,44.85,34.97,1586568783,46.99,46.99,73,10.94,38
Kilindoni,TZ,-7.91,39.67,1586568783,80.98,80.98,83,21.83,100
Dunedin,NZ,-45.87,170.5,1586568783,61.0,61.0,67,8.01,0
Muros,ES,42.78,-9.06,1586568485,53.8,57.99,100,2.48,90
Hobart,AU,-42.88,147.33,1586568784,53.37,55.99,58,17.22,75
Masumbwe,TZ,-3.63,32.18,1586568784,61.99,61.99,68,3.6,67
Morant Bay,JM,17.88,-76.41,1586568784,79.9,82.4,83,11.41,20
Beira,MZ,-19.84,34.84,1586568785,77.0,77.0,73,5.82,40
Naze,JP,28.37,129.48,1586568785,69.8,69.8,56,6.93,75
Codrington,AU,-38.27,141.97,1586568785,56.48,56.48,58,27.25,85
New Norfolk,AU,-42.78,147.06,1586568785,52.68,55.99,58,17.22,75
Tuktoyaktuk,CA,69.45,-133.04,1586568785,12.2,12.2,72,6.93,20
Yamada,JP,39.47,141.95,1586568786,45.05,45.05,57,4.83,38
Griffith,US,41.53,-87.42,1586568787,43.48,46.99,60,3.36,1
Hithadhoo,MV,-0.6,73.08,1586568787,84.69,84.69,63,8.7,16
Qaanaaq,GL,77.48,-69.36,1586568787,4.24,4.24,74,7.7,43
Hua Hin,TH,12.57,99.96,1586568787,86.0,86.0,66,3.36,20
Kīhei,US,20.79,-156.47,1586568660,78.1,82.4,48,16.11,40
Kahului,US,20.89,-156.47,1586568788,78.24,82.4,48,16.11,40
Half Moon Bay,US,37.46,-122.43,1586568789,59.92,64.99,82,11.41,90
Maumere,ID,-8.62,122.21,1586568789,85.06,85.06,64,1.5,55
Caravelas,BR,-17.71,-39.25,1586568789,76.96,76.96,87,10.98,40
Ribeira Grande,PT,38.52,-28.7,1586568608,61.54,61.54,73,4.7,97
Castro,BR,-24.79,-50.01,1586568789,55.53,55.53,72,5.37,42
Nikolskoye,RU,59.7,30.79,1586568789,31.32,32.0,96,8.95,90
Ponta do Sol,PT,32.67,-17.1,1586568538,60.17,64.4,68,9.17,20
Cherkasskoye,RU,52.43,47.22,1586568790,41.16,41.16,63,11.81,100
Lüderitz,NA,-26.65,15.16,1586568790,55.4,55.4,87,4.7,0
Busing,PH,13.15,122.97,1586568790,85.8,85.8,61,2.33,23
Mahébourg,MU,-20.41,57.7,1586568790,77.4,78.01,83,11.41,40
Saint Anthony,US,45.02,-93.22,1586568791,43.65,46.99,31,3.36,1
Port Alfred,ZA,-33.59,26.89,1586568791,64.45,64.45,87,6.2,13
Chipinge,ZW,-20.19,32.62,1586568791,54.55,54.55,69,1.45,96
Saint-Joseph,RE,-21.37,55.62,1586568791,69.03,77.0,78,10.29,20
Samarai,PG,-10.62,150.67,1586568791,83.8,83.8,68,8.23,17
Sobolevo,RU,54.43,31.9,1586568791,35.71,35.71,78,6.04,99
Zhuhai,CN,22.28,113.57,1586568792,72.9,75.99,100,3.36,40
Grand Gaube,MU,-20.01,57.66,1586568792,77.63,78.01,83,11.41,40
Kulhudhuffushi,MV,6.62,73.07,1586568648,84.69,84.69,66,5.93,25
Agadez,NE,19.75,10.25,1586568792,73.98,73.98,17,7.31,95
Port Lincoln,AU,-34.73,135.87,1586568690,62.37,62.37,63,15.9,70
Obo,CF,5.4,26.49,1586568793,69.67,69.67,78,4.74,100
Tasiilaq,GL,65.61,-37.64,1586568793,23.0,23.0,53,4.18,99
Ramsar,IR,36.92,50.64,1586568793,48.2,48.2,93,4.7,90
Isangel,VU,-19.55,169.27,1586568722,80.6,80.6,74,4.7,75
Provideniya,RU,64.38,-173.3,1586568794,15.37,15.37,94,13.49,100
Lavrentiya,RU,65.58,-171.0,1586568794,15.85,15.85,95,8.75,98
Geraldton,AU,-28.77,114.6,1586568794,84.02,87.01,34,5.82,97
Voyvozh,RU,62.89,54.96,1586568794,23.9,23.9,95,6.91,100
Annau,TM,37.89,58.52,1586568794,46.4,46.4,93,5.28,75
Yeppoon,AU,-23.13,150.73,1586568795,82.4,82.4,61,8.05,40
Cabo San Lucas,MX,22.89,-109.91,1586568795,70.25,73.0,60,11.41,75
Vostok,RU,46.49,135.88,1586568795,38.86,38.86,49,6.22,44
Nabire,ID,-3.37,135.48,1586568795,88.79,88.79,60,4.85,51
Lorengau,PG,-2.02,147.27,1586568796,83.93,83.93,73,3.85,65
Saint-Philippe,RE,-21.36,55.77,1586568611,69.15,77.0,78,10.29,20
Pulandian,CN,39.4,121.97,1586568796,57.2,57.2,33,4.47,0
Banda Aceh,ID,5.56,95.32,1586568620,85.55,85.55,69,7.94,28
Luganville,VU,-15.53,167.17,1586568796,84.2,84.2,62,3.36,20
Goroka,PG,-6.08,145.39,1586568796,77.05,77.05,41,0.78,55
Bengkulu,ID,-3.8,102.27,1586568559,78.33,78.33,77,4.09,98
Aksarka,RU,66.56,67.8,1586568797,25.99,25.99,98,11.88,100
Tolaga Bay,NZ,-38.37,178.3,1586568798,63.0,63.0,66,5.01,89
Qianjiang,CN,30.42,112.89,1586568798,52.23,52.23,72,17.96,100
Jiazi,CN,22.88,116.07,1586568798,75.38,75.38,74,4.36,73
Zhigansk,RU,66.77,123.37,1586568799,30.4,30.4,95,15.93,33
Faanui,PF,-16.48,-151.75,1586568800,83.64,83.64,70,5.82,94
Fairbanks,US,64.84,-147.72,1586568632,32.97,37.4,86,6.51,90
Doha,QA,25.29,51.53,1586568736,90.63,91.4,19,17.22,100
Emerald,AU,-23.53,148.17,1586568800,86.0,86.0,48,8.05,73
Tilichiki,RU,60.47,166.1,1586568594,12.07,12.07,92,5.79,1
Gijang,KR,35.24,129.21,1586568602,53.6,53.6,50,2.24,75
Namatanai,PG,-3.67,152.43,1586568801,84.76,84.76,69,5.3,56
Sittwe,MM,20.15,92.9,1586568801,84.24,84.24,64,2.77,69
Tamala,RU,52.54,43.25,1586568801,39.04,39.04,88,14.74,100
Taoudenni,ML,22.68,-3.98,1586568801,80.58,80.58,14,6.33,0
Yellowknife,CA,62.46,-114.35,1586568801,19.24,19.4,62,13.87,90
Yelniki,RU,54.62,43.88,1586568801,36.79,36.79,82,6.42,100
Kamenka,RU,51.32,42.77,1586568801,44.55,46.99,62,5.99,92
Otradnoye,RU,59.78,30.82,1586568594,31.32,32.0,95,8.95,90
La Ronge,CA,55.1,-105.28,1586568548,28.4,28.4,58,18.34,40
Kumul,CN,42.8,93.45,1586568802,64.08,64.08,15,3.2,44
Lata,PT,40.16,-8.33,1586568802,55.72,57.99,87,5.82,75
Khāsh,IR,28.22,61.22,1586568803,70.77,70.77,27,3.2,99
Vanimo,PG,-2.67,141.3,1586568803,85.6,85.6,68,6.76,100
Airai,TL,-8.93,125.41,1586568804,67.87,67.87,65,1.12,58
Fortuna,US,40.6,-124.16,1586568686,54.05,61.0,87,7.38,90
Kemijärvi,FI,66.71,27.43,1586568805,12.96,12.96,92,3.18,9
Cap-Chat,CA,49.1,-66.68,1586568805,32.25,32.25,96,19.84,100
Cacoal,BR,-11.44,-61.45,1586568806,72.95,72.95,89,0.36,36
Skjervøy,NO,70.03,20.97,1586568806,30.58,30.58,96,22.75,100
Salacgrīva,LV,57.75,24.36,1586568806,33.01,33.01,79,1.99,0
Mirebalais,HT,18.83,-72.11,1586568806,82.4,82.4,78,5.82,43
Los Llanos de Aridane,ES,28.66,-17.92,1586568806,69.8,69.8,73,6.93,90
Shebunino,RU,46.43,141.86,1586568807,35.37,35.37,83,2.71,93
Dikson,RU,73.51,80.55,1586568807,10.15,10.15,95,11.01,91
Abonnema,NG,4.71,6.79,1586568807,79.12,79.12,86,2.35,65
Boyolangu,ID,-8.12,111.89,1586568807,85.78,85.78,65,5.95,4
Flinders,AU,-34.58,150.86,1586568808,73.6,75.0,33,21.92,55
Jiangkou,CN,25.49,119.2,1586568808,62.6,62.6,93,6.71,75
Seybaplaya,MX,19.65,-90.67,1586568808,81.59,81.59,60,11.72,22
Senneterre,CA,48.38,-77.23,1586568808,28.4,28.4,86,6.93,90
Onega,RU,63.91,38.14,1586568808,27.28,27.28,93,6.26,100
Salalah,OM,17.02,54.09,1586568808,80.6,80.6,78,3.36,40
Sfântu Gheorghe,RO,45.87,25.78,1586568720,39.63,42.01,49,5.01,53
Riyadh,SA,24.69,46.72,1586568786,80.6,80.6,28,4.7,40
Ohrid,MK,41.12,20.8,1586568809,47.89,47.89,45,3.18,0
Magadan,RU,59.57,150.8,1586568809,23.45,23.45,92,5.39,12
Talnakh,RU,69.49,88.4,1586568809,19.4,19.4,85,22.37,75
George Town,MY,5.41,100.34,1586568739,83.05,84.2,74,8.05,20
Baharly,TM,38.44,57.43,1586568809,56.91,56.91,58,3.04,83
Umluj,SA,25.02,37.27,1586568810,68.95,68.95,46,12.1,34
Inírida,CO,3.87,-67.92,1586568810,71.65,71.65,95,2.04,100
Bajil,YE,15.06,43.29,1586568810,79.5,79.5,67,1.34,4
Priiskovyy,RU,51.93,116.63,1586568810,55.13,55.13,29,4.68,0
Chokurdakh,RU,70.63,147.92,1586568810,24.96,24.96,96,15.99,39
Henties Bay,NA,-22.12,14.28,1586568810,74.32,74.32,50,4.88,28
Bealanana,MG,-14.55,48.73,1586568811,61.97,61.97,69,4.92,17
Severo-Yeniseyskiy,RU,60.37,93.04,1586568811,30.6,30.6,83,8.01,100
Villanueva,HN,15.32,-88.0,1586568811,82.4,82.4,83,1.83,40
Hamilton,US,39.18,-84.53,1586568732,40.8,45.0,48,3.36,1
Buchanan,LR,5.88,-10.05,1586568811,78.22,78.22,85,2.26,92
Kruisfontein,ZA,-34.0,24.73,1586568812,56.91,56.91,52,5.3,25
San Patricio,MX,19.22,-104.7,1586568813,78.8,78.8,78,12.84,5
Cherskiy,RU,68.75,161.3,1586568813,15.91,15.91,95,18.45,100
Champasak,LA,14.75,106.0,1586568813,84.2,84.2,70,2.24,40
Bonavista,CA,48.65,-53.11,1586568813,34.0,34.0,84,14.88,72
Baykalovo,RU,57.4,63.77,1586568813,38.71,38.71,74,12.19,0
San Francisco,US,37.77,-122.42,1586568669,60.06,66.2,67,19.46,40
Cidreira,BR,-30.18,-50.21,1586568814,62.73,62.73,82,4.36,7
Tukums,LV,56.97,23.16,1586568814,37.4,37.4,74,5.82,0
Ginir,ET,7.13,40.7,1586568814,58.44,58.44,54,3.27,30
Arbazh,RU,57.68,48.31,1586568814,34.54,34.54,87,3.67,100
Port Shepstone,ZA,-30.74,30.45,1586568814,70.77,70.77,71,8.99,98
Sokolo,ML,14.73,-6.12,1586568814,83.07,83.07,20,6.71,51
Khomutovka,RU,51.92,34.56,1586568611,35.28,35.28,77,8.63,51
Butaritari,KI,3.07,172.79,1586568815,84.7,84.7,73,8.63,60
Waipawa,NZ,-41.41,175.52,1586568815,62.01,64.4,63,24.16,0
Soyo,AO,-6.13,12.37,1586568816,78.35,78.35,88,6.31,89
Barrow,US,71.29,-156.79,1586568817,-0.4,-0.4,70,9.17,90
Longyearbyen,SJ,78.22,15.64,1586568817,-7.6,-7.6,76,3.36,20
Kirakira,SB,-10.45,161.92,1586568817,85.8,85.8,63,7.78,99
Katsuura,JP,35.13,140.3,1586568817,56.12,57.99,43,10.29,40
Lodja,CD,-3.48,23.43,1586568818,69.67,69.67,85,1.92,90
Along,IN,28.17,94.77,1586568613,81.34,81.34,29,1.03,0
Hobyo,SO,5.35,48.53,1586568819,82.44,82.44,66,7.78,51
Bjørnevatn,NO,69.67,29.98,1586568819,21.2,21.2,85,16.11,98
Minden,DE,52.28,8.92,1586568819,38.86,41.0,88,3.47,99
Montepuez,MZ,-13.13,39.0,1586568819,65.55,65.55,85,9.1,42
Belle Glade,US,26.68,-80.67,1586568820,74.17,79.0,100,3.36,90
Fenoarivo,MG,-18.93,47.44,1586568820,60.8,60.8,82,9.17,20
Abnūb,EG,27.27,31.15,1586568820,57.2,57.2,54,11.41,0
Villa Corzo,MX,16.17,-93.25,1586568820,93.2,93.2,26,14.99,90
Pasni,PK,25.26,63.47,1586568820,80.49,80.49,58,4.76,17
Vao,NC,-22.67,167.48,1586568821,74.26,74.26,73,9.98,99
Chui,UY,-33.7,-53.46,1586568546,61.65,61.65,83,6.62,0
Conceição do Araguaia,BR,-8.26,-49.26,1586568821,75.49,75.49,85,0.74,61
Tynda,RU,55.17,124.72,1586568821,42.21,42.21,60,4.76,61
Kapenguria,KE,1.25,35.09,1586568821,57.18,57.18,46,1.68,98
São João da Barra,BR,-21.64,-41.05,1586568612,71.67,71.67,82,2.08,100
Saint-Pierre,RE,-21.34,55.48,1586568822,69.87,77.0,78,10.29,20
Wau,SS,7.7,28.0,1586568823,78.96,78.96,64,2.62,96
Thunder Bay,CA,48.4,-89.32,1586568823,33.71,35.6,59,2.24,75
Uray,RU,60.12,64.78,1586568824,38.01,38.01,86,11.3,87
Kaitangata,NZ,-46.28,169.85,1586568824,63.21,63.21,52,5.35,0
Eilat,IL,29.56,34.95,1586568824,62.6,62.6,48,9.17,40
San Quintín,MX,30.48,-115.95,1586568824,58.82,58.82,73,7.7,99
Hūn,LY,29.13,15.95,1586568826,57.42,57.42,44,8.32,71
Benjamín Aceval,PY,-24.97,-57.57,1586568735,68.0,68.0,56,5.82,0
Saint George,US,37.1,-113.58,1586568604,61.84,63.0,38,19.46,1
Okha,RU,53.57,142.95,1586568826,32.31,32.31,92,7.34,0
Hong Kong,HK,22.29,114.16,1586568750,72.34,75.99,83,8.05,40
Moose Factory,CA,51.26,-80.61,1586568827,28.4,28.4,86,6.93,90
Coahuayana Viejo,MX,18.73,-103.68,1586568828,75.27,75.27,61,3.89,0
San Cristobal,VE,7.77,-72.22,1586568828,69.01,69.01,62,2.08,69
Agua Verde,MX,22.9,-106.05,1586568828,75.09,77.0,53,10.29,90
Mount Isa,AU,-20.73,139.5,1586568828,84.2,84.2,20,11.41,57
Tiksi,RU,71.69,128.87,1586568828,25.56,25.56,93,33.26,89
Uruaçu,BR,-14.52,-49.14,1586568828,71.44,71.44,80,2.95,10
Kwang Binh,VN,17.48,106.6,1586568828,84.02,84.02,71,5.46,91
Srednekolymsk,RU,67.45,153.68,1586568829,29.7,29.7,98,6.96,100
Coquimbo,CL,-29.95,-71.34,1586568829,60.8,60.8,67,4.7,77
Kishapu,TZ,-3.62,33.87,1586568829,62.55,62.55,66,6.33,57
Karnobat,BG,42.65,26.98,1586568829,51.96,53.6,54,4.7,0
Dauriya,RU,49.93,116.87,1586568829,57.99,57.99,22,12.71,0
El Fuerte,MX,26.42,-108.62,1586568829,72.45,72.45,28,5.14,5
Kalāleh,IR,37.38,55.49,1586568829,50.0,50.0,87,4.7,13
Fukuechō,JP,32.69,128.84,1586568829,59.0,59.0,54,8.05,89
Ivdel',RU,60.69,60.42,1586568830,40.98,40.98,80,10.85,100
Kargopol',RU,61.51,38.95,1586568830,23.65,23.65,94,2.44,95
Copiapó,CL,-27.37,-70.33,1586568830,60.8,60.8,82,6.93,38
Nome,US,64.5,-165.41,1586568786,31.08,32.0,92,9.17,90
Luanda,AO,-8.84,13.23,1586568830,78.8,78.8,94,3.36,75
Fuxin,CN,42.02,121.66,1586568830,63.57,63.57,23,14.38,0
Mayya,RU,61.73,130.28,1586568831,39.2,39.2,44,20.13,3
Marzuq,YE,14.4,46.47,1586568831,68.4,68.4,36,3.89,0
Ilulissat,GL,69.22,-51.1,1586568831,30.2,30.2,58,3.36,61
Krasnyy Chikoy,RU,50.36,108.75,1586568831,58.14,58.14,24,4.5,0
Kiama,AU,-34.68,150.87,1586568831,73.22,75.0,33,21.92,52
Husavik,IS,66.04,-17.34,1586568831,30.2,30.2,100,3.36,90
Hervey Bay,AU,-25.3,152.85,1586568832,84.27,84.99,61,9.17,90
Esperance,AU,-33.87,121.9,1586568832,68.0,68.0,68,8.05,27
Amuntai,ID,-2.42,115.25,1586568590,78.04,78.04,93,1.72,70
Andenes,NO,69.31,16.12,1586568832,27.28,30.2,74,11.41,100
Nong Ki,TH,14.69,102.54,1586568832,86.14,91.99,78,4.7,99
Kibala,TD,9.11,18.35,1586568832,89.6,89.6,46,3.31,20
Safaga,EG,26.73,33.94,1586568833,66.2,66.2,29,10.29,0
Bouca,CF,6.51,18.27,1586568833,72.82,72.82,77,4.18,97
Makaha,US,21.47,-158.22,1586568833,79.86,82.4,64,9.17,75
Sadovoye,RU,47.78,44.51,1586568597,42.53,42.53,64,10.42,35
Clyde River,CA,70.47,-68.59,1586568833,5.0,5.0,92,17.22,40
Daru,PG,-9.08,143.21,1586568834,84.31,84.31,73,8.81,50
Port-Gentil,GA,-0.72,8.78,1586568834,81.54,81.54,83,12.53,100
Constitución,CL,-35.33,-72.42,1586568834,54.81,54.81,89,8.86,100
Belmonte,BR,-15.86,-38.88,1586568580,75.2,75.2,94,3.36,90
Xichang,CN,27.9,102.26,1586568834,65.91,65.91,32,3.71,59
Barra Patuca,HN,15.8,-84.28,1586568834,79.93,79.93,82,14.76,0
Vikulovo,RU,56.82,70.61,1586568834,39.61,39.61,87,5.57,1
Aksu,CN,41.12,80.26,1586568834,61.21,61.21,18,6.15,63
Rovaniemi,FI,66.5,25.72,1586568700,23.0,23.0,73,9.17,0
Xuanzhou,CN,30.95,118.76,1586568835,49.86,49.86,91,9.55,100
Ormara,PK,25.21,64.64,1586568835,79.38,79.38,68,0.81,0
Sola,VU,-13.88,167.55,1586568835,84.2,84.2,79,2.24,75
Chu,KZ,43.6,73.76,1586568661,36.0,36.0,89,3.0,100
Pangnirtung,CA,66.15,-65.71,1586568835,13.73,13.73,79,4.56,96
Kargasok,RU,59.06,80.86,1586568587,25.84,25.84,97,7.67,0
Popondetta,PG,-8.75,148.25,1586568836,86.95,86.95,62,4.23,93
Plettenberg Bay,ZA,-34.05,23.37,1586568836,63.43,63.43,48,3.67,39
Mayo,US,38.89,-76.51,1586568719,44.33,46.99,42,13.87,1
Vanavara,RU,60.34,102.28,1586568836,35.65,35.65,73,9.53,98
Camacha,PT,33.08,-16.33,1586568836,64.92,66.2,77,11.41,20
Laas,IT,46.62,10.7,1586568632,43.79,50.0,80,1.12,6
Santa Maria,BR,-29.68,-53.81,1586568837,57.2,57.2,87,2.24,11
Mayumba,GA,-3.43,10.66,1586568837,79.54,79.54,84,3.69,99
San Lorenzo,PY,-25.33,-57.53,1586568838,68.0,68.0,56,5.82,0
Davila,PH,18.47,120.58,1586568838,86.0,86.0,70,4.7,20
Port Blair,IN,11.67,92.75,1586568838,83.39,83.39,66,7.85,29
Kloulklubed,PW,7.04,134.26,1586568838,86.0,86.0,70,9.17,75
Tezu,IN,27.92,96.17,1586568742,88.11,88.11,18,3.11,0
Okhotsk,RU,59.38,143.3,1586568838,31.78,31.78,93,4.63,60
Auki,SB,-8.77,160.7,1586568666,84.06,84.06,71,2.08,76
Vilhena,BR,-12.74,-60.15,1586568839,68.95,68.95,79,2.33,26
Hualmay,PE,-11.1,-77.61,1586568839,72.32,72.32,79,7.67,3
Batticaloa,LK,7.71,81.69,1586568839,85.66,85.66,61,7.85,8
Grand Baie,MU,-20.02,57.58,1586568839,77.63,78.01,83,11.41,40
Ischia,IT,40.73,13.95,1586568839,51.42,55.99,93,1.12,0
Launceston,AU,-41.45,147.17,1586568824,57.42,57.99,47,8.05,40
Upernavik,GL,72.79,-56.15,1586568840,10.89,10.89,85,9.78,0
Yumen,CN,40.28,97.2,1586568840,54.0,54.0,17,24.7,0
Vila Franca do Campo,PT,37.72,-25.43,1586568840,59.0,59.0,72,11.41,20
Rupert,US,42.62,-113.68,1586568840,63.68,64.4,36,8.05,1
Klaksvík,FO,62.23,-6.59,1586568591,44.6,44.6,100,10.29,100
Novominskaya,RU,46.32,38.96,1586568840,45.72,45.72,88,9.17,67
Trofors,NO,65.53,13.41,1586568840,35.29,35.6,64,4.7,99
Sioux City,US,42.5,-96.4,1586568841,49.89,53.6,27,9.17,1
Philadelphia,US,39.95,-75.16,1586568686,43.3,45.0,39,17.22,75
Tambopata,PE,-12.73,-69.18,1586568841,68.92,68.92,67,2.06,4
Searcy,US,35.25,-91.74,1586568841,50.27,53.6,61,3.96,1
Lufilufi,WS,-13.87,-171.6,1586568841,78.01,78.01,94,11.99,99
Chalmette,US,29.94,-89.96,1586568760,65.93,71.6,37,5.82,1
Araouane,ML,18.9,-3.53,1586568667,81.7,81.7,12,5.55,0
Shiraz,IR,29.6,52.54,1586568732,56.28,57.2,82,4.7,90
Roald,NO,62.58,6.13,1586568842,37.13,39.99,86,6.93,63
Nouakchott,MR,18.09,-15.98,1586568842,71.6,71.6,78,8.05,0
Lyuban',BY,52.8,28.0,1586568843,34.5,34.5,81,7.14,16
Beringovskiy,RU,63.05,179.32,1586568843,11.55,11.55,94,16.55,100
Yining,CN,29.04,114.56,1586568843,51.33,51.33,80,7.7,100
Berkakit,RU,56.58,124.77,1586568844,35.24,35.24,70,5.57,99
Boca do Acre,BR,-8.75,-67.4,1586568844,74.03,74.03,91,0.29,97
Melchor de Mencos,GT,17.07,-89.15,1586568844,79.0,79.0,82,5.99,28
Bako,ET,5.78,36.57,1586568844,65.08,65.08,57,4.29,49
Ahipara,NZ,-35.17,173.17,1586568844,65.34,65.34,66,6.89,36
Mabaruma,GY,8.2,-59.78,1586568844,74.59,74.59,85,5.12,100
Bahile,PH,10.0,118.79,1586568845,89.6,89.6,59,13.87,20
Kavieng,PG,-2.57,150.8,1586568845,84.43,84.43,73,7.45,86
Whyalla,AU,-33.03,137.58,1586568845,66.2,66.2,59,19.46,90
Pangody,RU,65.85,74.49,1586568845,34.11,34.11,97,15.43,100
Vardø,NO,70.37,31.11,1586568845,29.03,29.03,90,20.94,100
Callaway,US,30.15,-85.57,1586568845,64.17,66.2,37,8.05,20
Pundaguitan,PH,6.37,126.17,1586568845,81.3,81.3,73,11.36,8
Valparaíso,CL,-33.04,-71.63,1586568845,55.09,55.4,87,2.24,40
Quatre Cocos,MU,-20.21,57.76,1586568846,77.54,78.01,83,11.41,40
Bacolod City,PH,10.67,122.95,1586568847,89.08,89.08,47,7.02,13
Mizdah,LY,31.45,12.98,1586568711,55.85,55.85,42,10.22,100
Sosnovo-Ozerskoye,RU,52.52,111.54,1586568848,54.59,54.59,24,4.29,0
Teya,RU,60.38,92.63,1586568848,33.98,33.98,84,6.11,100
Tingo María,PE,-9.29,-76.01,1586568848,72.34,72.34,64,0.76,100
Amapá,BR,1.0,-52.0,1586568848,72.39,72.39,90,0.65,100
Tacna,PE,-18.01,-70.25,1586568848,69.8,69.8,77,1.12,46
Chapais,CA,49.78,-74.85,1586568849,32.0,32.0,95,6.93,90
Myitkyina,MM,25.38,97.4,1586568849,91.22,91.22,22,2.35,0
Abhā,SA,18.22,42.51,1586568849,65.25,66.2,68,6.93,58
Baghdad,IQ,33.34,44.4,1586568580,66.2,66.2,45,12.75,20
Villa Juárez,MX,24.65,-107.54,1586568849,75.67,78.8,44,13.87,75
Ulladulla,AU,-35.35,150.47,1586568849,69.66,73.4,33,21.92,37
Robertsport,LR,6.75,-11.37,1586568849,79.97,79.97,78,2.75,90
Oriximiná,BR,-1.77,-55.87,1586568729,77.47,77.47,91,4.5,99
Jérémie,HT,18.65,-74.12,1586568574,79.3,79.3,74,2.66,59
Ayan,RU,56.45,138.17,1586568850,38.12,38.12,87,7.56,9
Haines Junction,CA,60.75,-137.51,1586568850,24.06,24.06,83,2.46,3
Kungurtug,RU,50.6,97.52,1586568850,44.04,44.04,34,1.12,100
Blumenau,BR,-26.92,-49.07,1586568850,61.45,64.0,93,1.19,26
Campbell River,CA,50.02,-125.24,1586568850,58.98,62.6,42,12.75,20
Katobu,ID,-4.94,122.53,1586568852,84.09,84.09,77,2.86,17
Bud,US,39.45,-86.18,1586568852,44.26,46.99,45,6.08,1
Port Hardy,CA,50.7,-127.42,1586568852,50.0,50.0,71,12.75,40
Gambēla,ET,8.25,34.58,1586568852,78.87,78.87,49,3.4,80
Gagret,IN,31.67,76.07,1586568852,76.75,76.75,32,3.13,4
Codajás,BR,-3.84,-62.06,1586568852,75.61,75.61,88,0.65,33
Hay River,CA,60.82,-115.8,1586568563,23.0,23.0,67,12.75,75
Ostrovnoy,RU,68.05,39.51,1586568567,14.0,14.0,94,11.21,0
Dhārchula,IN,29.85,80.53,1586568853,69.3,69.3,18,1.81,0
Ōkuchi-shinohara,JP,32.07,130.62,1586568853,58.89,60.8,41,4.7,75
Lucapa,AO,-8.42,20.74,1586568854,64.4,64.4,74,2.21,63
Narsaq,GL,60.92,-46.05,1586568854,46.4,46.4,22,29.97,100
Ōdate,JP,40.27,140.57,1586568854,44.6,44.6,65,4.7,75
Brylivka,UA,46.42,33.15,1586568854,41.0,41.0,58,12.1,10
Haapiti,PF,-17.57,-149.87,1586568854,86.0,86.0,70,8.05,100
Alice Springs,AU,-23.7,133.88,1586568854,78.8,78.8,19,6.93,16
Antofagasta,CL,-23.65,-70.4,1586568637,66.2,66.2,82,8.05,20
Ancud,CL,-41.87,-73.82,1586568854,50.0,50.0,87,5.82,39
Iquitos,PE,-3.75,-73.25,1586568855,78.8,78.8,88,5.82,75
Tselinnoye,RU,53.08,85.67,1586568855,34.81,34.81,77,4.38,0
Pāsighāt,IN,28.07,95.33,1586568855,83.39,83.39,28,1.7,0
Pangkalanbuun,ID,-2.68,111.62,1586568855,87.94,87.94,67,2.48,86
Fort Nelson,CA,58.81,-122.7,1586568855,32.0,32.0,89,9.17,75
Sontra,DE,51.07,9.93,1586568856,38.34,43.0,60,5.82,29
Maragogi,BR,-9.01,-35.22,1586568856,79.75,79.75,83,6.73,13
Kavaratti,IN,10.57,72.64,1586568724,84.74,84.74,70,7.38,38
Morón,AR,-34.65,-58.62,1586568793,62.89,64.99,82,5.82,0
Kotel'nich,RU,58.31,48.35,1586568856,32.02,32.02,93,4.85,100
Dalvik,IS,65.97,-18.53,1586568857,30.2,30.2,100,3.36,90
Te Anau,NZ,-45.42,167.72,1586568857,60.12,60.12,54,8.25,8
Garmsār,IR,35.22,52.34,1586568857,53.83,53.83,57,1.72,92
Bristol,US,41.83,-71.17,1586568857,40.15,43.0,86,11.9,90
Margate,GB,51.38,1.39,1586568858,51.06,57.0,93,9.17,31
Tambura,SS,5.6,27.47,1586568858,70.81,70.81,76,4.09,99
Salsomaggiore Terme,IT,44.81,9.98,1586568858,52.86,55.99,40,3.15,0
Poplar Bluff,US,36.76,-90.39,1586568858,50.95,51.8,40,5.82,1
Balakhta,RU,55.38,91.6,1586568858,35.15,35.15,72,3.96,0
Burnie,AU,-41.07,145.92,1586568858,52.5,53.01,65,7.0,30
Iqaluit,CA,63.75,-68.51,1586568859,14.0,14.0,72,2.24,75
Mataram,ID,-8.58,116.12,1586568859,78.8,78.8,88,3.36,75
Banepā,NP,27.63,85.52,1586568859,55.4,55.4,76,2.24,20
Cabedelo,BR,-6.98,-34.83,1586568859,78.8,78.8,94,6.82,17
Paamiut,GL,61.99,-49.67,1586568860,36.19,36.19,79,2.44,100
Mackay,AU,-21.15,149.2,1586568860,82.81,84.99,69,8.05,73
Aksarayskiy,RU,46.79,48.01,1586568860,39.11,39.2,55,6.71,0
Ambovombe,MG,-25.17,46.08,1586568860,70.43,70.43,88,14.36,40
Muisne,EC,0.6,-80.03,1586568860,77.67,77.67,83,4.41,100
Ballina,AU,-28.87,153.57,1586568860,79.74,81.0,57,13.87,40
Doba,TD,8.65,16.85,1586568861,82.13,82.13,54,5.37,100
Anadyr,RU,64.75,177.48,1586568861,-0.17,0.0,84,15.66,32
Makakilo City,US,21.35,-158.09,1586568861,80.02,82.4,54,10.29,75
Lebu,CL,-37.62,-73.65,1586568861,56.68,56.68,86,11.77,70
Matara,LK,5.95,80.54,1586568746,82.74,82.74,73,9.08,16
Paducah,US,37.08,-88.6,1586568861,47.46,50.0,49,3.36,1
Wajima,JP,37.4,136.9,1586568861,48.2,48.2,61,4.7,75
Lagoa,PT,39.05,-27.98,1586568631,61.12,61.12,72,6.6,93
Cayenne,GF,4.93,-52.33,1586568570,80.6,80.6,88,8.5,75
Kerema,PG,-7.96,145.78,1586568862,85.78,85.78,65,6.6,98
Ghanzi,BW,-21.57,21.78,1586568862,62.96,62.96,61,3.87,41
Hofn,IS,64.25,-15.21,1586568862,42.57,42.57,88,10.65,100
Strezhevoy,RU,60.73,77.59,1586568862,30.2,30.2,68,8.95,47
Chegdomyn,RU,51.12,133.02,1586568862,45.23,45.23,49,3.06,0
Richards Bay,ZA,-28.78,32.04,1586568862,69.22,69.22,83,14.29,3
Guerrero Negro,MX,27.98,-114.06,1586568775,60.44,60.44,64,15.86,1
Swan River,CA,52.11,-101.27,1586568863,28.67,28.67,91,9.84,48
Imeni Poliny Osipenko,RU,52.42,136.49,1586568864,45.16,45.16,53,5.1,0
Sitka,US,57.05,-135.33,1586568864,48.0,48.2,29,6.93,1
Tarauacá,BR,-8.16,-70.77,1586568830,74.37,74.37,88,1.57,95
Tumpat,MY,6.2,102.17,1586568864,81.72,82.4,74,3.36,20
Sechura,PE,-5.56,-80.82,1586568865,75.67,75.67,70,11.41,90
Jalu,LY,29.03,21.55,1586568865,54.72,54.72,66,9.1,0
Linhares,BR,-19.39,-40.07,1586568865,71.71,71.71,92,2.26,75
Kupang,ID,-10.17,123.58,1586568865,80.6,80.6,83,6.93,75
Dongsheng,CN,39.82,109.98,1586568865,41.94,41.94,28,11.39,0
Rivers,CA,50.03,-100.24,1586568865,46.4,46.4,61,11.41,75
Liverpool,GB,53.41,-2.98,1586568865,54.66,57.99,87,1.12,100
Pedasí,PA,7.53,-80.03,1586568866,80.74,80.74,78,15.61,54
Rocha,UY,-34.48,-54.33,1586568827,56.73,56.73,89,1.59,12
Casa Nova,BR,-9.42,-41.13,1586568866,77.45,77.45,71,7.56,92
Ati,TD,13.22,18.34,1586568866,81.46,81.46,14,10.2,80
Ferkessédougou,CI,9.6,-5.2,1586568866,77.45,77.45,65,3.65,87
Sur,OM,22.57,59.53,1586568866,84.31,84.31,41,7.36,81
Salinópolis,BR,-0.61,-47.36,1586568737,80.83,80.83,83,9.13,99
Bouar,CF,5.93,15.6,1586568867,68.13,68.13,71,3.91,100
Barcelona,ES,41.39,2.16,1586568598,51.64,55.99,76,8.05,20
Ixtapa,MX,20.7,-105.2,1586568867,77.0,77.0,73,9.17,90
Rajanpur,PK,29.1,70.33,1586568867,83.35,83.35,33,11.18,60
Harper,LR,4.38,-7.72,1586568640,79.77,79.77,82,3.4,45
Lope de Vega,PH,12.3,124.62,1586568867,85.03,85.03,60,4.29,15
Zhangye,CN,38.93,100.45,1586568867,57.27,57.27,13,10.47,0
Emba,KZ,48.83,58.14,1586568867,44.31,44.31,62,11.99,99
Zabul Province,AF,32.25,67.25,1586568868,57.29,57.29,35,5.95,77
Mahibadhoo,MV,3.78,72.97,1586568868,84.25,84.25,66,1.66,23
Bambous Virieux,MU,-20.34,57.76,1586568868,77.49,78.01,83,11.41,40
Bartica,GY,6.4,-58.62,1586568868,77.0,77.0,88,4.7,86
Labuhan,ID,-6.88,112.21,1586568868,86.86,86.86,69,5.61,32
Carutapera,BR,-1.2,-46.02,1586568868,80.01,80.01,84,6.6,100
Gushikawa,JP,26.35,127.87,1586568869,71.69,73.4,56,11.41,75
Constantine,DZ,36.37,6.61,1586568869,53.6,53.6,93,5.82,75
Mwinilunga,ZM,-11.74,24.43,1586568869,60.37,60.37,64,5.17,97
Sindor,RU,62.86,51.89,1586568869,25.09,25.09,95,5.77,97
Nuuk,GL,64.18,-51.72,1586568870,32.0,32.0,88,9.17,100
Mitsamiouli,KM,-11.38,43.28,1586568870,84.0,84.0,74,9.73,20
Sambava,MG,-14.27,50.17,1586568870,74.8,74.8,86,9.06,27
Khovd,MN,48.01,91.64,1586568871,46.11,46.11,29,4.88,92
Khrebtovaya,RU,56.7,104.25,1586568871,35.55,35.55,81,5.68,100
Urdoma,RU,61.75,48.54,1586568871,22.51,22.51,95,5.32,59
Bilibino,RU,68.05,166.44,1586568601,10.83,10.83,82,4.21,100
Târnova,RO,46.32,21.8,1586568872,39.72,41.0,64,2.24,70
Tabatinga,BR,-4.25,-69.94,1586568872,74.43,74.43,95,2.01,100
Qasigiannguit,GL,68.82,-51.19,1586568872,30.2,30.2,58,3.36,96
Koungou,YT,-12.73,45.2,1586568872,82.4,82.4,83,5.82,3
Touros,BR,-5.2,-35.46,1586568873,78.8,78.8,88,11.5,20
Bend,US,44.06,-121.32,1586568836,62.13,66.99,32,12.75,1
Watsa,CD,3.04,29.54,1586568873,65.37,65.37,76,2.62,100
Dhidhdhoo,MV,6.88,73.1,1586568874,84.78,84.78,65,5.5,45
Miyazu,JP,35.53,135.18,1586568874,48.2,48.2,70,2.24,75
Kununurra,AU,-15.77,128.73,1586568874,75.2,75.2,73,6.93,100
Pacific Grove,US,36.62,-121.92,1586568724,60.19,64.0,63,13.87,40
Partizanskoye,RU,55.5,94.39,1586568874,36.61,36.61,64,5.12,0
Wukari,NG,7.85,9.78,1586568875,81.36,81.36,70,3.42,100
Yar-Sale,RU,66.83,70.83,1586568875,23.04,23.04,98,19.06,100
Padang,ID,-0.95,100.35,1586568600,78.62,78.62,76,4.36,85
Muli,MV,2.92,73.57,1586568875,84.16,84.16,68,3.6,10
Brae,GB,60.4,-1.35,1586568617,44.6,44.6,93,12.75,100
Zyryanka,RU,65.75,150.85,1586568876,26.02,26.02,96,1.12,100
Carberry,CA,49.87,-99.36,1586568876,46.4,46.4,61,11.41,75
Nuristan,AF,35.3,70.83,1586568877,32.97,32.97,20,4.07,69
Manga,BF,11.66,-1.07,1586568877,82.58,82.58,42,4.85,97
Rio Grande,BR,-32.03,-52.1,1586568596,63.91,63.91,80,10.07,0
Navolato,MX,24.77,-107.69,1586568877,75.33,78.8,44,13.87,75
La Santisima Trinidad,BO,-14.83,-64.9,1586568878,67.17,67.17,65,3.27,12
Cockburn Town,TC,21.46,-71.14,1586568879,78.75,78.75,74,4.07,68
Kidal,ML,18.44,1.41,1586568879,81.63,81.63,21,6.53,33
Narsīpatnam,IN,17.67,82.62,1586568879,78.8,78.8,88,2.24,20
Brigantine,US,39.41,-74.36,1586568879,44.38,46.0,42,21.92,1
Hambantota,LK,6.12,81.12,1586568879,83.26,83.26,74,12.44,9
Chiang Khong,TH,20.26,100.4,1586568880,73.8,73.99,69,3.36,68
Wrocław,PL,51.1,17.03,1586568767,37.24,44.01,80,2.24,81
Solnechnyy,RU,50.72,136.63,1586568880,42.73,42.73,51,4.76,0
Buala,SB,-8.14,159.59,1586568622,84.04,84.04,75,8.41,49
Chabahar,IR,25.29,60.64,1586568880,79.52,79.52,64,1.43,100
Marawi,PH,8.0,124.29,1586568880,82.85,82.85,43,5.73,14
Elkhart,US,41.58,-85.83,1586568586,38.88,43.0,55,5.82,1
Pandan,PH,14.05,124.17,1586568880,81.3,81.3,78,10.42,57
Lyudinovo,RU,53.87,34.45,1586568881,34.2,34.2,81,4.88,100
Rio Brilhante,BR,-21.8,-54.55,1586568692,61.39,61.39,57,2.71,3
Ritchie,ZA,-29.04,24.6,1586568881,66.2,66.2,93,12.75,1
Smithers,CA,54.78,-127.17,1586568881,46.4,46.4,26,18.34,20
Sakon Nakhon,TH,17.16,104.15,1586568881,83.08,84.99,74,4.7,81
Poções,BR,-14.53,-40.37,1586568881,67.06,67.06,81,2.21,98
Flin Flon,CA,54.77,-101.86,1586568881,23.43,23.43,94,10.09,95
Erenhot,CN,43.65,111.98,1586568882,47.98,47.98,27,7.87,0
Nishihara,JP,26.18,127.76,1586568882,71.49,73.4,60,13.87,75
Tuatapere,NZ,-46.13,167.68,1586568883,66.99,66.99,64,3.0,2
Rawson,AR,-43.3,-65.1,1586568883,69.62,69.62,44,15.99,60
Shingū,JP,33.73,135.98,1586568883,53.6,53.6,50,9.17,75
Chāndbāli,IN,20.78,86.77,1586568883,85.48,85.48,65,7.72,2
Las Choapas,MX,17.93,-94.08,1586568883,78.31,78.31,94,3.09,2
Deder,ET,9.32,41.45,1586568883,57.6,57.6,49,4.0,4
Asău,RO,46.43,26.4,1586568884,40.48,41.0,52,5.82,98
Galle,LK,6.04,80.22,1586568884,82.51,82.51,74,9.55,19
Rassvet,RU,46.83,40.75,1586568884,43.56,43.56,69,11.65,25
Ostrov,RU,57.34,28.35,1586568884,32.0,32.0,86,11.18,97
Yenagoa,NG,4.92,6.26,1586568885,77.99,77.99,90,0.83,31
Kiryat Gat,IL,31.61,34.76,1586568763,53.91,57.2,87,6.93,40
Dekar,BW,-21.53,21.93,1586568886,62.94,62.94,61,4.03,41
Penzance,GB,50.12,-5.54,1586568886,52.66,57.2,87,13.87,84
Waingapu,ID,-9.66,120.26,1586568886,85.14,85.14,64,7.56,42
Huanren,CN,41.26,125.37,1586568886,56.97,56.97,28,5.66,0
Polyarny,RU,69.2,33.45,1586568887,17.6,17.6,78,4.47,100
Slave Lake,CA,55.28,-114.77,1586568887,30.2,30.2,54,8.05,1
Domoni,KM,-12.26,44.53,1586568887,83.59,83.59,72,9.08,2
Faya,SA,18.39,42.45,1586568887,65.3,66.2,68,6.93,66
Sisimiut,GL,66.94,-53.67,1586568887,30.42,30.42,86,8.1,100
Tegul'det,RU,57.31,88.17,1586568887,37.54,37.54,74,4.92,38
Srikakulam,IN,18.3,83.9,1586568888,86.41,86.41,61,6.35,0
Aleksandrov Gay,RU,50.15,48.57,1586568888,40.14,40.14,64,8.59,51
Payakumbuh,ID,-0.22,100.63,1586568888,80.74,80.74,61,2.8,66
Porto-Novo,BJ,6.5,2.6,1586568888,82.4,82.4,83,3.36,20
Tual,ID,-5.67,132.75,1586568888,83.75,83.75,72,7.31,7
Dublin,US,37.7,-121.94,1586568888,60.46,66.2,63,10.29,1
Nantucket,US,41.28,-70.1,1586568626,41.25,43.0,86,13.87,90
Igarka,RU,67.47,86.58,1586568889,28.58,28.58,97,5.35,100
Nouadhibou,MR,20.93,-17.03,1586568889,69.8,69.8,73,25.28,0
Jadu,LY,31.95,12.03,1586568889,57.49,57.49,36,6.71,100
Abbeville,FR,50.1,1.83,1586568889,52.86,54.0,71,4.7,23
Laguna,US,38.42,-121.42,1586568889,66.54,70.0,56,12.75,1
Vitória de Santo Antão,BR,-8.12,-35.29,1586568889,84.2,84.2,74,5.82,40
Nakhon Sawan,TH,15.7,100.14,1586568890,89.01,89.01,60,8.77,34
Krivosheino,RU,57.34,83.93,1586568890,34.99,34.99,83,8.03,82
Biržai,LT,56.2,24.75,1586568890,31.77,31.77,95,7.61,36
Saint-Augustin,CA,51.23,-58.65,1586568890,28.04,28.04,98,8.66,100
Sawtell,AU,-30.38,153.1,1586568890,75.72,77.0,44,6.93,82
Marigot,MF,18.07,-63.08,1586568891,80.15,81.0,78,5.82,20
Amānganj,IN,24.43,80.03,1586568891,89.65,89.65,13,3.53,6
Malanje,AO,-9.54,16.34,1586568891,65.16,65.16,68,0.69,100
Manado,ID,1.49,124.85,1586568891,86.0,86.0,62,6.93,40
Bintulu,MY,3.17,113.03,1586568892,78.39,78.8,94,2.24,75
Praia,CV,14.92,-23.51,1586568892,73.4,73.4,78,16.11,78
Dzilam González,MX,21.28,-88.93,1586568892,78.44,78.44,78,10.0,16
Shache,CN,38.42,77.24,1586568892,63.54,63.54,15,8.43,100
Probolinggo,ID,-7.75,113.22,1586568893,86.7,86.7,57,2.1,47
Eyl,SO,7.98,49.82,1586568893,81.46,81.46,69,9.57,40
